<?xml version="1.0" encoding="UTF-8"?><TaskList Version="2.0"><Task ConnectorKind="local" RepositoryUrl="local" TaskId="1" Handle="local-1" Label="New Task" Priority="P3" Kind="bugzilla" IssueURL="" Notes="" Estimated="0" EndDate="" CreationDate="2022-11-21 11:21:33.736 +0530" ModificationDate="" DueDate="" Owner="local" Active="false" ScheduledStartDate="2022-11-20 00:00:00.0 +0530" ScheduledEndDate="2022-11-26 23:59:59.999 +0530" Reminded="false" MarkReadPending="true" NotifiedIncoming="true" offlineSyncState="OUTGOING_NEW"><Attribute Key="outgoingNewRepositoryUrl">https://bugs.eclipse.org/bugs</Attribute><Attribute Key="outgoingNewConnectorKind">bugzilla</Attribute><Attribute Key="org.eclipse.mylyn.tasks.ui.new.unsaved.task">true</Attribute></Task><TaskCategory Handle="Uncategorized" Name="Uncategorized"/></TaskList>