<?xml  version="1.0" encoding="UTF-8"?>
<!DOCTYPE suite SYSTEM "https://testng.org/testng-1.0.dtd">
<suite name="Suite">
	<test thread-count="5" name="Test">
		<classes>

			<class name="testCases.SigninLogin" />
			<class name="testCases.Dashboard" />
			<class name="testCases.MyMentors" />
			<class name="testCases.Notes" />
            <class name="testCases.Profile" />
            <class name="testCases.SignOut"/>










		</classes>
	</test>
</suite> 
             