[{"line":2,"elements":[{"start_timestamp":"2023-05-22T10:21:29.315Z","before":[{"result":{"duration":3988500,"status":"passed"},"match":{"location":"hooks.ThanosHooks.beforeSnapping()"}},{"result":{"duration":998100,"status":"passed"},"match":{"location":"hooks.ThanosHooks.beforetoBeforeSnapping()"}}],"line":3,"name":"Hook scenario Explanation","description":"","id":"explaining-hooks;hook-scenario-explanation","after":[{"result":{"duration":997900,"status":"passed"},"match":{"location":"hooks.ThanosHooks.afteretoafterbSnapping()"}},{"result":{"duration":997100,"status":"passed"},"match":{"location":"hooks.ThanosHooks.aftereSnapping()"}}],"type":"scenario","keyword":"Scenario","steps":[{"result":{"duration":996800,"status":"passed"},"line":4,"name":"Thanons has the Infinity Stones","match":{"location":"stepDefinitions.HooksSteps.thanons_has_the_infinity_stones()"},"keyword":"Given "},{"result":{"status":"passed"},"line":5,"name":"Thanos snaps his fingers","match":{"location":"stepDefinitions.HooksSteps.thanos_snaps_his_fingers()"},"keyword":"When "},{"result":{"duration":8974400,"status":"passed"},"line":6,"name":"half of the living things died","match":{"location":"stepDefinitions.HooksSteps.half_of_the_living_things_died()"},"keyword":"Then "}],"tags":[{"name":"@hooks"}]}],"name":"Explaining Hooks","description":"","id":"explaining-hooks","keyword":"Feature","uri":"file:Features/hooks.feature","tags":[{"name":"@hooks","type":"Tag","location":{"line":1,"column":1}}]}]